Provider,URL,Status,Success,Data Fields Sample,Error,Description
UW,https://api.unusualwhales.com/api/market/market-tide,200,True,"date, data.date, data.net_volume, data, data.net_call_premium, data.net_put_premium, data.timestamp",,Market Tide
UW,https://api.unusualwhales.com/api/market/total-options-volume,200,True,"data.date, data, data.call_premium, data.put_volume, data.call_volume, data.put_premium",,Total Options Volume
UW,https://api.unusualwhales.com/api/market/top-net-impact,200,True,"data, data.net_premium, data.ticker",,Top Net Impact
UW,https://api.unusualwhales.com/api/market/sector-etfs,200,True,"data.in_out_flow, data.marketcap, data, data.in_out_flow.change, data.call_volume, data.avg_7_day_put_volume, data.avg_30_day_put_volume, data.in_out_flow.date, data.ticker, data.avg_7_day_call_volume, data.prev_close, data.avg30_call_volume, data.week52_high, data.put_premium, data.bullish_premium, data.volume, data.low, data.prev_date, data.last, data.call_premium...",,Sector ETFs
UW,https://api.unusualwhales.com/api/market/spike,200,True,data,,SPIKE (Volatility)
UW,https://api.unusualwhales.com/api/market/oi-change,200,True,"data, data.curr_date, data.prev_mid_volume, data.trades, data.oi_diff_plain, data.prev_total_premium, data.days_of_oi_increases, data.prev_neutral_volume, data.last_date, data.curr_oi, data.percentage_of_total, data.underlying_symbol, data.last_fill, data.oi_change, data.last_ask, data.volume, data.prev_ask_volume, data.avg_price, data.days_of_vol_greater_than_oi, data.last_bid...",,OI Change
UW,https://api.unusualwhales.com/api/option-trades/flow-alerts,200,True,"newer_than, data.next_earnings_date, data.option_chain, data, data.has_singleleg, data.total_ask_side_prem, data.id, data.expiry_count, data.created_at, data.strike, data.volume, data.total_premium, data.expiry, older_than, data.open_interest, data.start_time, data.has_multileg, data.has_sweep, data.sector, data.iv_start...",,Flow Alerts
UW,https://api.unusualwhales.com/api/screener/option-contracts,200,True,"data.bid_side_perc_7_day, data.ask_side_perc_7_day, data.next_earnings_date, data.close, data, data.days_of_oi_increases, data.roc, data.no_side_volume, data.last_fill, data.sweep_volume, data.vega, data.stock_multi_leg_volume, data.volume, data.low, data.gamma, data.open_interest, data.sector, data.open, data.ask_side_volume, data.mid_volume...",,Hottest Chains
UW,https://api.unusualwhales.com/api/stock/AAPL/option-contracts,200,True,"data.low_price, data.ask_volume, data.bid_volume, data, data.mid_volume, data.floor_volume, data.no_side_volume, data.sweep_volume, data.stock_multi_leg_volume, data.prev_oi, data.volume, data.avg_price, data.total_premium, data.implied_volatility, data.last_price, data.high_price, data.open_interest, data.option_symbol, data.nbbo_ask, data.nbbo_bid...",,Option Contracts
UW,https://api.unusualwhales.com/api/net-flow/expiry,200,True,"tide_type, data, data.tide_type, data.moneyness, data.data.net_call_premium, data.data, moneyness, data.data.net_put_premium, data.data.date, expiration, date, data.data.timestamp, data.data.net_volume, data.data.underlying_price",,Net Flow by Expiry
UW,https://api.unusualwhales.com/api/darkpool/recent,200,True,"data.canceled, data.nbbo_ask_quantity, data, data.tracking_id, data.executed_at, data.ticker, data.trade_settlement, data.market_center, data.nbbo_bid_quantity, data.ext_hour_sold_codes, data.volume, data.trade_code, data.price, data.sale_cond_codes, data.size, data.nbbo_ask, data.nbbo_bid, data.premium",,Dark Pool (Recent)
UW,https://api.unusualwhales.com/api/congress/recent-trades,200,True,"data.member_type, data.issuer, data, data.politician_id, data.name, data.transaction_date, data.amounts, data.txn_type, data.reporter, data.notes, data.ticker, data.is_active, data.filed_at_date",,Congress Trades
UW,https://api.unusualwhales.com/api/insider/transactions,200,True,"data.filing_date, data.next_earnings_date, data, data.amount, data.natureofownership, data.is_s_p_500, data.security_ad_code, data.id, data.transactions, data.shares_owned_after, data.sector, has_more, data.is_director, data.marketcap, data.reporter_is_public_company, data.owner_name, data.security_title, data.expiration_date, data.formtype, data.ticker...",,Insider Transactions
UW,https://api.unusualwhales.com/api/market/insider-buy-sells,200,True,"data.filing_date, data.purchases, data.sells, data.purchases_notional, data, data.sells_notional",,Insider Buy/Sells Total
UW,https://api.unusualwhales.com/api/screener/analysts,200,True,"data.firm, data.analyst_name, data, data.action, data.timestamp, data.ticker, data.target, data.sector, data.recommendation",,Analyst Ratings
UW,https://api.unusualwhales.com/api/screener/stocks,200,True,"data.avg_30_day_call_oi, data.is_index, data.next_earnings_date, data.relative_volume, data.close, data.volatility_30, data.avg_7_day_call_volume, data.gex_net_change, data.week_52_low, data.put_call_ratio, data.avg_3_day_call_volume, data.put_premium, data.week_52_high, data.cum_dir_vega, data.low, data.avg_30_day_call_volume, data.iv30d, data.call_volume_ask_side, data.implied_move_30, data.ticker...",,Stock Screener
UW,https://api.unusualwhales.com/api/short_screener,200,True,"data.market_date, data, data.symbol, data.rebate_rate, data.si_float, data.si_float_with_synth_long_pct_of_total_shares, data.total_float, data.short_shares_available, data.fee_rate, data.days_to_cover, data.short_interest",,Short Screener
UW,https://api.unusualwhales.com/api/stock/AAPL/greek-exposure,200,True,"data.date, data.put_delta, data, data.put_charm, data.call_delta, data.call_vanna, data.call_gamma, data.put_vanna, data.call_charm, data.put_gamma",,Greek Exposure (GEX)
UW,https://api.unusualwhales.com/api/stock/AAPL/iv-rank,200,True,"data.volatility, data.date, data.close, data, data.updated_at, data.iv_rank_1y",,IV Rank
UW,https://api.unusualwhales.com/api/stock/AAPL/max-pain,200,True,"date, data.next_lower_strike, data.close, data.next_upper_strike, data, data.max_pain, data.expiry, data.open",,Max Pain
UW,https://api.unusualwhales.com/api/etfs/SPY/in-outflow,200,True,"data.volume, data.is_fomc, data.expiration_cycle, data.date, data.close, data, data.change_prem, data.change, years",,ETF Inflow/Outflow (SPY)
UW,https://api.unusualwhales.com/api/seasonality/market,200,True,"data.positive_months_perc, data, data.min_change, data.max_change, data.avg_change, data.month, data.years, data.ticker, data.median_change, data.positive_closes",,Market Seasonality
FMP,https://financialmodelingprep.com/stable/profile,200,True,"isActivelyTrading, changePercentage, isEtf, range, zip, ipoDate, fullTimeEmployees, website, averageVolume, marketCap, description, isFund, address, price, volume, symbol, cusip, ceo, cik, industry...",,Company Profile
FMP,https://financialmodelingprep.com/stable/quote,200,True,"changePercentage, yearLow, dayLow, change, open, yearHigh, dayHigh, marketCap, name, exchange, previousClose, priceAvg50, price, volume, symbol, timestamp, priceAvg200",,Real-time Quote
FMP,https://financialmodelingprep.com/stable/income-statement,200,True,"incomeBeforeTax, weightedAverageShsOut, nonOperatingIncomeExcludingInterest, depreciationAndAmortization, sellingGeneralAndAdministrativeExpenses, netInterestIncome, incomeTaxExpense, fiscalYear, acceptedDate, weightedAverageShsOutDil, otherAdjustmentsToNetIncome, reportedCurrency, otherExpenses, ebitda, grossProfit, operatingExpenses, totalOtherIncomeExpensesNet, generalAndAdministrativeExpenses, symbol, interestIncome...",,Income Statement
FMP,https://financialmodelingprep.com/stable/earning-call-transcript,200,True,"period, year, symbol, date, content",,Earnings Transcript (Ultimate)
FMP,https://financialmodelingprep.com/stable/grades-consensus,200,True,"buy, hold, sell, symbol, strongBuy, consensus, strongSell",,Analyst Grade Consensus
FMP,https://financialmodelingprep.com/stable/price-target-consensus,200,True,"targetHigh, symbol, targetMedian, targetConsensus, targetLow",,Price Target Consensus
FMP,https://financialmodelingprep.com/stable/analyst-estimates,200,True,"revenueAvg, epsHigh, numAnalystsEps, sgaExpenseHigh, ebitLow, ebitdaHigh, netIncomeAvg, date, ebitdaLow, epsAvg, sgaExpenseLow, netIncomeHigh, epsLow, ebitHigh, numAnalystsRevenue, sgaExpenseAvg, ebitdaAvg, symbol, ebitAvg, revenueLow...",,Analyst Estimates
FMP,https://financialmodelingprep.com/stable/insider-trading/search,200,True,"transactionType, formType, directOrIndirect, securitiesOwned, companyCik, reportingName, typeOfOwner, url, filingDate, reportingCik, transactionDate, securityName, acquisitionOrDisposition, price, symbol, securitiesTransacted",,Insider Trading
FMP,https://financialmodelingprep.com/stable/insider-trading/statistics,200,True,"acquiredDisposedRatio, cik, totalPurchases, totalDisposed, year, totalSales, quarter, symbol, acquiredTransactions, totalAcquired, averageAcquired, averageDisposed, disposedTransactions",,Insider Trade Statistics
FMP,https://financialmodelingprep.com/stable/news/stock,200,True,"title, publishedDate, text, image, symbol, url, publisher, site",,Stock News
FMP,https://financialmodelingprep.com/stable/dividends,200,True,"paymentDate, frequency, declarationDate, dividend, adjDividend, symbol, date, recordDate, yield",,Dividends
Polygon,https://api.polygon.io/v2/aggs/ticker/AAPL/range/1/day/2023-01-09/2026-02-06,200,True,"results.c, status, queryCount, results.l, ticker, adjusted, request_id, results.h, results.v, results.vw, resultsCount, results.n, results.t, count, results.o, results",,Stock History
Polygon,https://api.polygon.io/v2/snapshot/locale/us/markets/stocks/tickers/AAPL,200,True,"ticker.day.v, ticker.updated, ticker.day.l, ticker.min.c, ticker.min.t, status, ticker.todaysChange, ticker.min.n, ticker.min.av, ticker.prevDay.v, ticker.lastTrade.s, ticker.prevDay, ticker.lastTrade.x, ticker.prevDay.l, ticker.prevDay.vw, ticker.prevDay.o, ticker.prevDay.h, ticker.day.vw, ticker.todaysChangePerc, ticker.lastTrade.i...",,Stock Snapshot
Polygon,https://api.polygon.io/v2/last/trade/AAPL,200,True,"results.s, results.c, results.T, results.q, results.x, status, results.z, request_id, results.t, results.p, results, results.i, results.y",,Last Trade
Polygon,https://api.polygon.io/v2/snapshot/locale/us/markets/stocks/gainers,200,True,"status, tickers.prevDay.o, tickers.prevDay.v, tickers.prevDay.l, tickers.lastTrade.i, tickers.day, tickers.lastTrade, tickers.min.t, tickers.day.h, tickers.lastTrade.p, tickers.prevDay.c, tickers.lastTrade.s, tickers.min.n, tickers.min.vw, tickers.day.o, tickers.prevDay, tickers.lastTrade.x, tickers.day.vw, tickers.min.h, tickers.min.l...",,Top Gainers
Polygon,https://api.polygon.io/v2/snapshot/locale/us/markets/stocks/losers,200,True,"tickers.lastTrade.c, status, tickers.prevDay.o, tickers.prevDay.v, tickers.prevDay.l, tickers.lastTrade.i, tickers.day, tickers.lastTrade, tickers.min.t, tickers.day.h, tickers.lastTrade.p, tickers.prevDay.c, tickers.lastTrade.s, tickers.min.n, tickers.min.vw, tickers.day.o, tickers.prevDay, tickers.lastTrade.x, tickers.day.vw, tickers.min.h...",,Top Losers
Polygon,https://api.polygon.io/v3/reference/options/contracts?underlying_ticker=AAPL&limit=1,200,True,"results.primary_exchange, results.strike_price, results.exercise_style, status, results.ticker, request_id, results.underlying_ticker, results.shares_per_contract, results.expiration_date, results, next_url, results.cfi, results.contract_type",,Options Reference
Polygon,https://api.polygon.io/v3/snapshot/options/AAPL?limit=1,200,True,"status, results.day.change_percent, results.day.change, results.details.contract_type, results.details.exercise_style, results.greeks, results.underlying_asset.ticker, results.details, results.details.expiration_date, results.day.volume, next_url, results.day.close, results.day.last_updated, results.day, results.details.strike_price, results.greeks.vega, results.day.low, results.greeks.delta, results.underlying_asset.change_to_break_even, results.implied_volatility...",,Options Chain Snapshot
Polygon,"https://api.polygon.io/v3/snapshot/indices?ticker.any_of=I:SPX,I:DJI,I:NDX",200,True,"results.type, status, results.ticker, request_id, results.session.close, results.session.change_percent, results.session.low, results.timeframe, results.session, results.last_updated, results.session.previous_close, results.market_status, results.session.change, results.value, results.session.high, results.name, results, results.session.open",,Indices Snapshot
Polygon,https://api.polygon.io/v1/open-close/AAPL/2025-12-31,200,True,"status, close, volume, open, afterHours, preMarket, symbol, low, high, from",,Daily Open/Close (Stock)
Polygon,https://api.polygon.io/v1/open-close/I:SPX/2025-12-31,200,True,"status, close, afterHours, open, preMarket, symbol, low, high, from",,Daily Open/Close (Index)
Polygon,https://api.polygon.io/v1/indicators/sma/AAPL?timespan=day&window=50&limit=1,200,True,"status, results.values.value, request_id, results.values, next_url, results.values.timestamp, results.underlying, results.underlying.url, results",,SMA (50-day)
Polygon,https://api.polygon.io/v1/indicators/ema/AAPL?timespan=day&window=20&limit=1,200,True,"status, results.values.value, request_id, results.values, next_url, results.values.timestamp, results.underlying, results.underlying.url, results",,EMA (20-day)
Polygon,https://api.polygon.io/v1/indicators/macd/AAPL?timespan=day&limit=1,200,True,"results.values.histogram, results.values.signal, status, results.underlying, results.values.value, request_id, results.values, results.underlying.url, results, next_url, results.values.timestamp",,MACD
Polygon,https://api.polygon.io/v1/indicators/rsi/AAPL?timespan=day&window=14&limit=1,200,True,"status, results.values.value, request_id, results.values, next_url, results.values.timestamp, results.underlying, results.underlying.url, results",,RSI (14-day)
Polygon,https://api.polygon.io/v1/marketstatus/now,200,True,"indicesGroups.ftse_russell, exchanges.nyse, serverTime, indicesGroups.mstar, earlyHours, market, indicesGroups.societe_generale, indicesGroups.cccy, indicesGroups, exchanges, currencies, indicesGroups.dow_jones, indicesGroups.msci, exchanges.nasdaq, currencies.crypto, currencies.fx, indicesGroups.cgi, indicesGroups.mstarc, indicesGroups.nasdaq, exchanges.otc...",,Market Status
Polygon,https://api.polygon.io/v1/marketstatus/upcoming,200,True,"exchange, status, name, date",,Upcoming Holidays
Polygon,https://api.polygon.io/v1/reference/sec/filings?ticker=AAPL&limit=1,200,True,"results.entities.company_data.sic, results.type, status, results.entities.company_data.tickers, results.acceptance_datetime, results.entities.company_data.name, request_id, results.entities.company_data.cik, count, results.files_count, results.id, results.entities.company_data, results.entities, next_url, results.xbrl_instance_url, results.source_url, results.entities.company_data.ticker, results.accession_number, results, results.main_file_url...",,SEC Filings
Polygon,"https://api.polygon.io/v1/summaries?ticker.any_of=AAPL,MSFT,GOOGL",403,False,N/A,"{""status"":""NOT_AUTHORIZED"",""request_id"":""b3c3e7d4f0c494dc77e13dcc7d5c9285"",""message"":""You are not en",Universal Summaries
Polygon,https://api.polygon.io/etf-global/v1/constituents?composite_ticker=SPY&limit=1,403,False,N/A,"{""status"":""NOT_AUTHORIZED"",""request_id"":""1a1404283d25eb8ecacde35fb72c4aff"",""message"":""You are not en",ETF Constituents (SPY)
Polygon,https://api.polygon.io/etf-global/v1/fund-flows?composite_ticker=SPY&limit=1,403,False,N/A,"{""status"":""NOT_AUTHORIZED"",""request_id"":""effae371d008dc59fb7c634860c97dae"",""message"":""You are not en",ETF Fund Flows (SPY)
Polygon,https://api.polygon.io/etf-global/v1/analytics?composite_ticker=SPY&limit=1,403,False,N/A,"{""status"":""NOT_AUTHORIZED"",""request_id"":""57a93a740e0e475181211e4b704c4881"",""message"":""You are not en",ETF Analytics (SPY)
Polygon,https://api.polygon.io/etf-global/v1/profiles?composite_ticker=SPY&limit=1,403,False,N/A,"{""status"":""NOT_AUTHORIZED"",""request_id"":""43cf1422880402d4d71c25d6ef5cb98b"",""message"":""You are not en",ETF Profiles (SPY)
Polygon,https://api.polygon.io/etf-global/v1/taxonomies?composite_ticker=SPY&limit=1,403,False,N/A,"{""status"":""NOT_AUTHORIZED"",""request_id"":""6edb38bc821f559ab614ebc72c73090d"",""message"":""You are not en",ETF Taxonomies (SPY)
